ママ,泣かないでママ,背痛
涙,涙吸い込んでｵｲｼｵｲｼ
溢れる,ｱﾌｩﾚﾙｩuuuu発作
あふれる,
胸,ママの胸は僕のｴﾝｼﾞﾝ(意味深)
Eカップ,
Fカップ,
Gカップ,
Hカップ,
Iカップ,
Jカップ,
Kカップ,
Lカップ,
Mカップ,
Nカップ,
Oカップ,
Pカップ,
Qカップ,
Rカップ,
Sカップ,
Tカップ,
Uカップ,
おっぱい,
オッパイ,
ケニア,たつき監督の育った地
京都,たつき監督の産まれた地
おそ松,ケムリクサ松,https://twitter.com/hologon15/status/1114944920551182336
13話,ケムリクサ水着回,https://twitter.com/kage_0412/status/1112344361923039232
12.2話,
14話,ケムリクサ温泉回
12.3話,
セックス,KBK
SEX,
sex,
Sex,
せっくす,
オナニー,記憶の葉を外に出す
自慰,
エッチ,葉ックス
えっち,
初夜,
最初の夜,,https://twitter.com/maybellene1955/status/1115995593157959682
Hす,葉ックスす
Hし,葉ックスし
Hな,葉ックス的な
まぐわい,腰ぶつけっこ,https://www.pixiv.net/member_illust.php?mode=medium&illust_id=74233615
ピストン,
正常位,
寝バック,
立ちバック,
おしくらまんじゅう,
ペッティング,
petting,
スケベ,
おせっせ,
banging hip,
hip bumps,
belly bumps,
チェイサーコンビ,へんたつ
アラフェネ,
サーかば,
さーかば,
サーカバ,
美術,ゆっこ
逆ポニテ,おいも
逆ツインテ,
ツインテール,
ポニーテール,
キルミーベイベー,ケムリーベイベー,https://twitter.com/hashirakai/status/1118522649171251200
視聴者,お客さん
委ねられ,盾にもなる
受け止め,
社員,みんな
部活,ケムリクサ部,https://www.nicovideo.jp/watch/sm34660801
倶楽部,
クラブ,
委員会,
同好会,
井戸端会議,
ママ友,
親父の会,
写真部,
