料理,ケムリクサを炙ってみた
地球,船の下
世界,
海上,
海中,
山岳,
渓谷,
警告,(警)(警)(警)
封印,(封)(封)(封)
寂しい,こんなに可愛いりりがいるのに
孤独,
働きすぎ,ケムリクサを抑えるケムリクサを作ればいいんだ
過労,
休め,
休んでください,
ワーカーホリック,
家に帰ってない,
徹夜,
まだ,まだかなまだかな
期待,
待望,
R-18,人類のえいち,https://twitter.com/25NIKKOnikko/status/1115947410029719552
エロ本,
アダルト本,
青年向け,
成年向け,
人類の叡智,
人類の英知,
エロ本,
スケベブック,
変態,
睡眠不足,赤いケムリクサ
寝てない,
寝ていない,
制作者,さいしょのひと
創造者,
悪い,わるいくせだー！
デベソ,変質多肉植物,https://twitter.com/LuckyAppreciate/status/1122120285753241601
でべそ,
出へそ,
出ヘソ,
アホ,
ブス,
ブサイク,
不細工,
ヒョロガリ,
ブ男,
甲斐性なし,
甲斐性無し,
ヘタレ,
脳筋,
専門バカ,
オタク,
ヲタク,
マニア,
発達障害,
