とても,めっさ
すごく,
超,
すごい,
かなり,
めっちゃ,
やばい,
あまりにも,
取り放題,めっさ取りほーだい
野菜,ケムリクサ
白,シロ
しろ,
痛い,地味にめっさ痛い
良い,良い塩梅
どこ,どこここ？なんで？
怖い,怖い…めっさ怖い
生きたい,めっさ生きたいです。生きるの大好き！
人間,ヒト
人類,
にんげん,
ひと,
発光,何か光ってるめっさ気になるぅー
気になる,めっさ気になるぅー
卵,キイロ
玉子,
月見蕎麦,キイロ蕎麦
月見そば,
月見団子,キイロ団子
知らない,これから色々知れるので最高に楽しい
無知,
不明,
見逃した,見逃したー。しまったー<●><●>
拾う,持って帰ってもいいですか。やった♪
持ち帰る,
拾い上げる,
DVD,橙さん
カセット,
CD,
Blu-ray,
Blu-lay,
Blu-Ray,
Blu-Lay,
ブルーレイ,
BD,
タブレット,
iPad,
iPhone,
スマホ,
携帯電話,
予告,狼煙
予定,
告知,
通知,
二次創作,焚き火
同人誌,焚き火用の橙さん
ちんこ,股間のケムリクサ
チンコ,
チ○コ,
チンポ,
チ○ポ,
ちんちん,
チンチン,
ペニス,
陰茎,
巨根,
包茎,タケノコみたいな股間のケムリクサ
ほっかむり,
腹巻き,りんさんに巻いてもらったミドリさん
サラシ,
縛り,
とぐろ,
拘束,
睡眠薬,ネムリクサ,https://twitter.com/CapchieNo/status/1115970877382844416
睡眠導入剤,
デパス,
ゾルビデム,
眠り薬,
ねむりごな,
ドM,エムリクサ,https://twitter.com/CapchieNo/status/1115972190212481024
亀甲縛り,
緊縛,
